"PN","DN","D","C1","B1","K","L","BoltCount"
"Pn_10","10","90.0","14.0","18.0","60.0","14.0","4"
"Pn_10","15","95.0","14.0","22.0","65.0","14.0","4"
"Pn_10","20","105.0","16.0","27.5","75.0","14.0","4"
"Pn_10","25","115.0","16.0","34.5","85.0","14.0","4"
"Pn_10","32","140.0","18.0","43.5","100.0","18.0","4"
"Pn_10","40","150.0","18.0","49.5","110.0","18.0","4"
"Pn_10","50","165.0","20.0","61.5","125.0","18.0","4"
"Pn_10","65","185.0","20.0","77.5","145.0","18.0","8"
"Pn_10","80","200.0","20.0","90.5","160.0","18.0","8"
"Pn_10","100","220.0","22.0","116.0","180.0","18.0","8"
"Pn_10","125","250.0","22.0","141.5","210.0","18.0","8"
"Pn_10","150","285.0","24.0","170.5","240.0","22.0","8"
"Pn_10","200","340.0","24.0","221.5","295.0","22.0","8"
"Pn_10","250","395.0","26.0","276.5","350.0","22.0","12"
"Pn_10","300","445.0","26.0","327.5","400.0","22.0","12"
"Pn_10","350","505.0","26.0","359.5","460.0","22.0","16"
"Pn_10","400","565.0","26.0","411.0","515.0","26.0","16"
"Pn_10","450","615.0","28.0","462.0","565.0","26.0","20"
"Pn_10","500","670.0","28.0","513.5","620.0","26.0","20"
"Pn_10","600","780.0","30.0","616.5","725.0","30.0","20"
"Pn_10","700","895.0","35.0",,"840.0","30.0","24"
"Pn_10","800","1015.0","38.0",,"950.0","33.0","24"
"Pn_10","900","1115.0","38.0",,"1050.0","33.0","28"
"Pn_10","1000","1230.0","44.0",,"1160.0","36.0","28"
"Pn_10","1200","1455.0","55.0",,"1380.0","39.0","32"
"Pn_10","1400","1675.0","65.0",,"1590.0","42.0","36"
"Pn_10","1600","1915.0","75.0",,"1820.0","48.0","40"
"Pn_10","1800","2115.0","85.0",,"2020.0","48.0","44"
"Pn_10","2000","2325.0","90.0",,"2230.0","48.0","48"
"Pn_10","2200","2550.0","100.0",,"2440.0","56.0","52"
"Pn_10","2400","2760.0","110.0",,"2650.0","56.0","56"
"Pn_10","2600","2960.0","110.0",,"2850.0","56.0","60"
"Pn_10","2800","3180.0","124.0",,"3070.0","56.0","64"
"Pn_10","3000","3405.0","132.0",,"3290.0","62.0","68"
"Pn_16","10","90.0","14.0","18.0","60.0","14.0","4"
"Pn_16","15","95.0","14.0","22.0","65.0","14.0","4"
"Pn_16","20","105.0","16.0","27.5","75.0","14.0","4"
"Pn_16","25","115.0","16.0","34.5","85.0","14.0","4"
"Pn_16","32","140.0","18.0","43.5","100.0","18.0","4"
"Pn_16","40","150.0","18.0","49.5","110.0","18.0","4"
"Pn_16","50","165.0","20.0","61.5","125.0","18.0","4"
"Pn_16","65","185.0","20.0","77.5","145.0","18.0","8"
"Pn_16","80","200.0","20.0","90.5","160.0","18.0","8"
"Pn_16","100","220.0","22.0","116.0","180.0","18.0","8"
"Pn_16","125","250.0","22.0","141.5","210.0","18.0","8"
"Pn_16","150","285.0","24.0","170.5","240.0","22.0","8"
"Pn_16","200","340.0","26.0","221.5","295.0","22.0","12"
"Pn_16","250","405.0","29.0","276.5","355.0","26.0","12"
"Pn_16","300","460.0","32.0","327.5","410.0","26.0","12"
"Pn_16","350","520.0","35.0","359.5","470.0","26.0","16"
"Pn_16","400","580.0","38.0","411.0","525.0","30.0","16"
"Pn_16","450","640.0","42.0","462.0","585.0","30.0","20"
"Pn_16","500","715.0","46.0","513.5","650.0","33.0","20"
"Pn_16","600","840.0","55.0","616.5","770.0","36.0","20"
"Pn_16","700","910.0","63.0",,"840.0","36.0","24"
"Pn_16","800","1025.0","74.0",,"950.0","39.0","24"
"Pn_16","900","1125.0","82.0",,"1050.0","39.0","28"
"Pn_16","1000","1255.0","90.0",,"1170.0","42.0","28"
"Pn_16","1200","1485.0",,,"1390.0","48.0","32"
"Pn_16","1400","1685.0",,,"1590.0","48.0","36"
"Pn_16","1600","1930.0",,,"1820.0","56.0","40"
"Pn_16","1800","2130.0",,,"2020.0","56.0","44"
"Pn_16","2000","2345.0",,,"2230.0","62.0","48"
"Pn_2_5","10","75.0","12.0","18.0","50.0","11.0","4"
"Pn_2_5","15","80.0","12.0","22.0","55.0","11.0","4"
"Pn_2_5","20","90.0","14.0","27.5","65.0","11.0","4"
"Pn_2_5","25","100.0","14.0","34.5","75.0","11.0","4"
"Pn_2_5","32","120.0","16.0","43.5","90.0","14.0","4"
"Pn_2_5","40","130.0","16.0","49.5","100.0","14.0","4"
"Pn_2_5","50","140.0","16.0","61.5","110.0","14.0","4"
"Pn_2_5","65","160.0","16.0","77.5","130.0","14.0","4"
"Pn_2_5","80","190.0","18.0","90.5","150.0","18.0","4"
"Pn_2_5","100","210.0","18.0","116.0","170.0","18.0","4"
"Pn_2_5","125","240.0","20.0","141.5","200.0","18.0","8"
"Pn_2_5","150","265.0","20.0","170.5","225.0","18.0","8"
"Pn_2_5","200","320.0","22.0","221.5","280.0","18.0","8"
"Pn_2_5","250","375.0","24.0","276.5","335.0","18.0","12"
"Pn_2_5","300","440.0","24.0","327.5","395.0","22.0","12"
"Pn_2_5","350","490.0","26.0","359.5","445.0","22.0","12"
"Pn_2_5","400","540.0","28.0","411.0","495.0","22.0","16"
"Pn_2_5","450","595.0","30.0","462.0","550.0","22.0","16"
"Pn_2_5","500","645.0","30.0","513.5","600.0","22.0","20"
"Pn_2_5","600","755.0","32.0","616.5","705.0","26.0","20"
"Pn_2_5","700","860.0","40.0",,"810.0","26.0","24"
"Pn_2_5","800","975.0","44.0",,"920.0","30.0","24"
"Pn_2_5","900","1075.0","48.0",,"1020.0","30.0","24"
"Pn_2_5","1000","1175.0","52.0",,"1120.0","30.0","28"
"Pn_2_5","1200","1375.0","60.0",,"1320.0","30.0","32"
"Pn_2_5","1400","1575.0",,,"1520.0","30.0","36"
"Pn_2_5","1600","1790.0",,,"1730.0","30.0","40"
"Pn_2_5","1800","1990.0",,,"1930.0","30.0","44"
"Pn_2_5","2000","2190.0",,,"2130.0","30.0","48"
"Pn_2_5","2200","2405.0",,,"2340.0","33.0","52"
"Pn_2_5","2400","2605.0",,,"2540.0","33.0","56"
"Pn_2_5","2600","2805.0",,,"2740.0","33.0","60"
"Pn_2_5","2800","3030.0",,,"2960.0","36.0","64"
"Pn_2_5","3000","3230.0",,,"3160.0","36.0","68"
"Pn_2_5","3200","3430.0",,,"3360.0","36.0","72"
"Pn_2_5","3400","3630.0",,,"3560.0","36.0","76"
"Pn_2_5","3600","3840.0",,,"3770.0","36.0","80"
"Pn_2_5","3800","4045.0",,,"3970.0","39.0","80"
"Pn_2_5","4000","4245.0",,,"4170.0","39.0","84"
"Pn_25","10","90.0","14.0","18.0","60.0","14.0","4"
"Pn_25","15","95.0","14.0","22.0","65.0","14.0","4"
"Pn_25","20","105.0","16.0","27.5","75.0","14.0","4"
"Pn_25","25","115.0","16.0","34.5","85.0","14.0","4"
"Pn_25","32","140.0","18.0","43.5","100.0","18.0","4"
"Pn_25","40","150.0","18.0","49.5","110.0","18.0","4"
"Pn_25","50","165.0","20.0","61.5","125.0","18.0","4"
"Pn_25","65","185.0","22.0","77.5","145.0","18.0","8"
"Pn_25","80","200.0","24.0","90.5","160.0","18.0","8"
"Pn_25","100","235.0","26.0","116.0","190.0","22.0","8"
"Pn_25","125","270.0","28.0","141.5","220.0","26.0","8"
"Pn_25","150","300.0","30.0","170.5","250.0","26.0","8"
"Pn_25","200","360.0","32.0","221.5","310.0","26.0","12"
"Pn_25","250","425.0","35.0","276.5","370.0","30.0","12"
"Pn_25","300","485.0","38.0","327.5","430.0","30.0","16"
"Pn_25","350","555.0","42.0","359.5","490.0","33.0","16"
"Pn_25","400","620.0","48.0","411.0","550.0","36.0","16"
"Pn_25","450","670.0","54.0","462.0","600.0","36.0","20"
"Pn_25","500","730.0","58.0","513.5","660.0","36.0","20"
"Pn_25","600","845.0","68.0","616.5","770.0","39.0","20"
"Pn_25","700","960.0","85.0",,"875.0","42.0","24"
"Pn_25","800","1085.0","95.0",,"990.0","48.0","24"
"Pn_25","900","1185.0",,,"1090.0","48.0","28"
"Pn_25","1000","1320.0",,,"1210.0","56.0","28"
"Pn_40","10","90.0","14.0","18.0","60.0","14.0","4"
"Pn_40","15","95.0","14.0","22.0","65.0","14.0","4"
"Pn_40","20","105.0","16.0","27.5","75.0","14.0","4"
"Pn_40","25","115.0","16.0","34.5","85.0","14.0","4"
"Pn_40","32","140.0","18.0","43.5","100.0","18.0","4"
"Pn_40","40","150.0","18.0","49.5","110.0","18.0","4"
"Pn_40","50","165.0","20.0","61.5","125.0","18.0","4"
"Pn_40","65","185.0","22.0","77.5","145.0","18.0","8"
"Pn_40","80","200.0","24.0","90.5","160.0","18.0","8"
"Pn_40","100","235.0","26.0","116.0","190.0","22.0","8"
"Pn_40","125","270.0","28.0","141.5","220.0","26.0","8"
"Pn_40","150","300.0","30.0","170.5","250.0","26.0","8"
"Pn_40","200","375.0","36.0","221.5","320.0","30.0","12"
"Pn_40","250","450.0","42.0","276.5","385.0","33.0","12"
"Pn_40","300","515.0","52.0","327.5","450.0","33.0","16"
"Pn_40","350","580.0","58.0","359.5","510.0","36.0","16"
"Pn_40","400","660.0","65.0","411.0","585.0","39.0","16"
"Pn_40","450","685.0",,"462.0","610.0","39.0","20"
"Pn_40","500","755.0",,"513.5","670.0","42.0","20"
"Pn_40","600","890.0",,"616.5","795.0","48.0","20"
"Pn_40","700",,,,,,
"Pn_40","800",,,,,,
"Pn_6","10","75.0","12.0","18.0","50.0","11.0","4"
"Pn_6","15","80.0","12.0","22.0","55.0","11.0","4"
"Pn_6","20","90.0","14.0","27.5","65.0","11.0","4"
"Pn_6","25","100.0","14.0","34.5","75.0","11.0","4"
"Pn_6","32","120.0","16.0","43.5","90.0","14.0","4"
"Pn_6","40","130.0","16.0","49.5","100.0","14.0","4"
"Pn_6","50","140.0","16.0","61.5","110.0","14.0","4"
"Pn_6","65","160.0","16.0","77.5","130.0","14.0","4"
"Pn_6","80","190.0","18.0","90.5","150.0","18.0","4"
"Pn_6","100","210.0","18.0","116.0","170.0","18.0","4"
"Pn_6","125","240.0","20.0","141.5","200.0","18.0","8"
"Pn_6","150","265.0","20.0","170.5","225.0","18.0","8"
"Pn_6","200","320.0","22.0","221.5","280.0","18.0","8"
"Pn_6","250","375.0","24.0","276.5","335.0","18.0","12"
"Pn_6","300","440.0","24.0","327.5","395.0","22.0","12"
"Pn_6","350","490.0","26.0","359.5","445.0","22.0","12"
"Pn_6","400","540.0","28.0","411.0","495.0","22.0","16"
"Pn_6","450","595.0","30.0","462.0","550.0","22.0","16"
"Pn_6","500","645.0","30.0","513.5","600.0","22.0","20"
"Pn_6","600","755.0","32.0","616.5","705.0","26.0","20"
"Pn_6","700","860.0","40.0",,"810.0","26.0","24"
"Pn_6","800","975.0","44.0",,"920.0","30.0","24"
"Pn_6","900","1075.0","48.0",,"1020.0","30.0","24"
"Pn_6","1000","1175.0","52.0",,"1120.0","30.0","28"
"Pn_6","1200","1405.0","60.0",,"1340.0","33.0","32"
"Pn_6","1400","1630.0","72.0",,"1560.0","36.0","36"
"Pn_6","1600","1830.0","80.0",,"1760.0","36.0","40"
"Pn_6","1800","2045.0","88.0",,"1970.0","39.0","44"
"Pn_6","2000","2265.0","96.0",,"2180.0","42.0","48"
"Pn_6","2200","2475.0",,,"2390.0","42.0","52"
"Pn_6","2400","2685.0",,,"2600.0","42.0","56"
"Pn_6","2600","2905.0",,,"2810.0","48.0","60"
"Pn_6","2800","3115.0",,,"3020.0","48.0","64"
"Pn_6","3000","3315.0",,,"3220.0","48.0","68"
"Pn_6","3200","3525.0",,,"3430.0","48.0","72"
"Pn_6","3400","3735.0",,,"3640.0","48.0","76"
"Pn_6","3600","3970.0",,,"3860.0","56.0","80"
"Pn_63","10","100.0","20.0","18.0","70.0","14.0","4"
"Pn_63","15","105.0","20.0","22.0","75.0","14.0","4"
"Pn_63","20","130.0","22.0","27.5","90.0","18.0","4"
"Pn_63","25","140.0","24.0","34.5","100.0","18.0","4"
"Pn_63","32","155.0","24.0","43.5","110.0","22.0","4"
"Pn_63","40","170.0","26.0","49.5","125.0","22.0","4"
"Pn_63","50","180.0","26.0","61.5","135.0","22.0","4"
"Pn_63","65","205.0","26.0","77.5","160.0","22.0","8"
"Pn_63","80","215.0","30.0","90.5","170.0","22.0","8"
"Pn_63","100","250.0","32.0","116.0","200.0","26.0","8"
"Pn_63","125","295.0","34.0","141.5","240.0","30.0","8"
"Pn_63","150","345.0","36.0","170.5","280.0","33.0","8"
"Pn_63","200","415.0","48.0","221.5","345.0","36.0","12"
"Pn_63","250","470.0","55.0","276.5","400.0","36.0","12"
"Pn_63","300","530.0","65.0","327.5","460.0","36.0","16"
"Pn_63","350","600.0","72.0","359.5","525.0","39.0","16"
"Pn_63","400","670.0","80.0","411.0","585.0","42.0","16"
